Task,Name,Result,Engine,Bound,Time,Note
"mytask",":noConflict","proven","Q2","Infinite","0.468 s",""
"mytask","ariane.issue_stage_i.i_scoreboard._assume_2","temporary","?","","0.000 s",""
"mytask","ariane.issue_stage_i.i_scoreboard._assume_3","temporary","?","","0.000 s",""
"mytask","ariane.issue_stage_i.i_scoreboard._assume_4","temporary","?","","0.000 s",""
"mytask","ariane.issue_stage_i.i_scoreboard._assume_5","temporary","?","","0.000 s",""
"mytask","ariane.issue_stage_i.i_scoreboard.genblk5[0].genblk1[0]._assume_6","temporary","?","","0.000 s",""
"mytask","ariane.issue_stage_i.i_scoreboard.genblk5[0].genblk1[1]._assume_6","temporary","?","","0.000 s",""
"mytask","ariane.issue_stage_i.i_scoreboard.genblk5[0].genblk1[2]._assume_6","temporary","?","","0.000 s",""
"mytask","ariane.issue_stage_i.i_scoreboard.genblk5[0].genblk1[3]._assume_6","temporary","?","","0.000 s",""
"mytask","ariane.issue_stage_i.i_scoreboard.genblk5[1].genblk1[0]._assume_6","temporary","?","","0.000 s",""
"mytask","ariane.issue_stage_i.i_scoreboard.genblk5[1].genblk1[1]._assume_6","temporary","?","","0.000 s",""
"mytask","ariane.issue_stage_i.i_scoreboard.genblk5[1].genblk1[2]._assume_6","temporary","?","","0.000 s",""
"mytask","ariane.issue_stage_i.i_scoreboard.genblk5[1].genblk1[3]._assume_6","temporary","?","","0.000 s",""
"mytask","ariane.issue_stage_i.i_scoreboard.genblk5[2].genblk1[0]._assume_6","temporary","?","","0.000 s",""
"mytask","ariane.issue_stage_i.i_scoreboard.genblk5[2].genblk1[1]._assume_6","temporary","?","","0.000 s",""
"mytask","ariane.issue_stage_i.i_scoreboard.genblk5[2].genblk1[2]._assume_6","temporary","?","","0.000 s",""
"mytask","ariane.issue_stage_i.i_scoreboard.genblk5[2].genblk1[3]._assume_6","temporary","?","","0.000 s",""
"mytask","ariane.issue_stage_i.i_scoreboard.genblk5[3].genblk1[0]._assume_6","temporary","?","","0.000 s",""
"mytask","ariane.issue_stage_i.i_scoreboard.genblk5[3].genblk1[1]._assume_6","temporary","?","","0.000 s",""
"mytask","ariane.issue_stage_i.i_scoreboard.genblk5[3].genblk1[2]._assume_6","temporary","?","","0.000 s",""
"mytask","ariane.issue_stage_i.i_scoreboard.genblk5[3].genblk1[3]._assume_6","temporary","?","","0.000 s",""
"mytask","ariane.ex_stage_i.lsu_i.i_ord_sram.LIM_ADDR","temporary","?","","0.000 s",""
"mytask","ariane.ex_stage_i.lsu_i.i_store_unit.store_buffer_i.commit_and_flush","temporary","?","","0.000 s",""
"mytask","ariane.ex_stage_i.lsu_i.i_store_unit.store_buffer_i.speculative_buffer_overflow","temporary","?","","0.000 s",""
"mytask","ariane.ex_stage_i.lsu_i.i_store_unit.store_buffer_i.speculative_buffer_underflow","temporary","?","","0.000 s",""
"mytask","ariane.ex_stage_i.lsu_i.i_store_unit.store_buffer_i.commit_buffer_overflow","temporary","?","","0.000 s",""
